<?xml version="1.0"?>
<psalm
    errorLevel="2"
    resolveFromConfigFile="true"
    xmlns:xsi="http://www.w3.org/2001/XMLSchema-instance"
    xmlns="https://getpsalm.org/schema/config"
    xsi:schemaLocation="https://getpsalm.org/schema/config vendor/vimeo/psalm/config.xsd"
>
    <projectFiles>
        <directory name="src" />
        <directory name="examples" />
        <ignoreFiles>
            <directory name="vendor" />
            <directory name="tests" />
            <directory name="docs" />
            <directory name="scripts" />
            <directory name=".github" />
            <directory name="build" />
            <directory name="dist" />
        </ignoreFiles>
    </projectFiles>

    <issueHandlers>
        <!-- Allow mixed types for API responses -->
        <LessSpecificReturnType errorLevel="suppress" />
        <MoreSpecificReturnType errorLevel="suppress" />
        
        <!-- Suppress mixed assignment errors in examples -->
        <MixedAssignment>
            <errorLevel type="suppress">
                <directory name="examples" />
            </errorLevel>
        </MixedAssignment>
        
        <!-- Suppress mixed array access in examples -->
        <MixedArrayAccess>
            <errorLevel type="suppress">
                <directory name="examples" />
            </errorLevel>
        </MixedArrayAccess>
    </issueHandlers>

    <!-- Universal object crates -->
    <universalObjectCrates>
        <class name="stdClass" />
        <class name="SimpleXMLElement" />
        <class name="DOMDocument" />
        <class name="DOMElement" />
        <class name="DOMNodeList" />
        <class name="DOMNode" />
    </universalObjectCrates>
</psalm>
